Alana,11 934363210
Alex,12 934363210
Alexsandro,13 934363210
Alice,14 934363210
Ana,15 934363210
Anthony,16 934363210
Arthur,17 934363210
Bernardo,18 934363210
Betina,19 934363210
Bianca,20 934363210
Breno,21 934363210
Bruna,22 934363210
Caio,23 934363210
Camilla,24 934363210
Camille,25 934363210
Carlos,26 934363210
Carol,27 934363210
Cecilia,28 934363210
Dalila,29 934363210
Danilo,30 934363210
Darius,31 934363210
Dave,32 934363210
David,33 934363210
Delfina,34 934363210
Diana,35 934363210
Diego,36 934363210
Diogo,37 934363210
Draven,38 934363210
Eliana,39 934363210
Elias,40 934363210
Elise,41 934363210
Emanuelly,42 934363210
Emerson,43 934363210
Enrico,44 934363210
Evelyn,45 934363210
Fabio,46 934363210
Fernanda,47 934363210
Flavia,48 934363210
Francisca,49 934363210
Gabriel,50 934363210
Gabriela,51 934363210
Gael,52 934363210
Giovanna,53 934363210
Gustavo,54 934363210
Heitor,55 934363210
Helena,56 934363210
Hellen,57 934363210
Hiago,58 934363210
Hugo,59 934363210
Iara,60 934363210
Icaro,61 934363210
Isabella,62 934363210
Isadora,63 934363210
Jaqueline,64 934363210
Jayce,65 934363210
Joana,66 934363210
Jonnhy,67 934363210
Julia,68 934363210
Juliano,69 934363210
Kaique,70 934363210
Kamily,71 934363210
Katarine,72 934363210
Kevin,73 934363210
Keyla,74 934363210
Kiko,75 934363210
Larissa,76 934363210
Laura,77 934363210
Lavinia,78 934363210
Leandro,79 934363210
Lucian,80 934363210
Luiza,81 934363210
Maite,82 934363210
Manuela,83 934363210
Marcelo,84 934363210
Marcia,85 934363210
Miguel,86 934363210
Mirela,87 934363210
Nadja,88 934363210
Natalia,89 934363210
Natan,90 934363210
Nicole,91 934363210
Noah,92 934363210
Olivia,93 934363210
Otavio,94 934363210
Pablo,95 934363210
Paloma,96 934363210
Patricia,97 934363210
Patrick,98 934363210
Pedro,99 934363210
Quirino,100 934363210
Quiteria,101 934363210
Raiyan,102 934363210
Raquel,103 934363210
Ravi,104 934363210
Rayssa,105 934363210
Renata,106 934363210
Ricardo,107 934363210
Rodrigo,108 934363210
Rosane,109 934363210
Ruan,110 934363210
Sabrina,111 934363210
Samara,112 934363210
Samira,113 934363210
Samuel,114 934363210
Sarah,115 934363210
Sophia,116 934363210
Stefany,117 934363210
Tais,118 934363210
Theo,119 934363210
Thiago,120 934363210
Ucla,121 934363210
Uriel,122 934363210
Valentina,123 934363210
Vicktor,124 934363210
Vicktoria,125 934363210
Vinicius,126 934363210
Vitoria,127 934363210
Wellington,128 934363210
Wendy,129 934363210
Xandre,130 934363210
Xerlane,131 934363210
Ximena,132 934363210
Yara,133 934363210
Yasmin,134 934363210
Ygor,135 934363210
Zeca,136 934363210
Zélia,137 934363210
Zironite,138 934363210
